lang,calculator,campaign,ad_group,keyword,match_type,utm_term,final_url
pt,protein-calculator,fit_pt_protein_longtail,proteina_diaria,calcular proteína diária,phrase,calcular_proteina_diaria,https://www.nextool.online/pt/tools/calculadora-de-proteina?utm_source=google&utm_medium=cpc&utm_campaign=fit_pt_protein_longtail&utm_term=calcular_proteina_diaria&utm_content=ad_a
pt,protein-calculator,fit_pt_protein_longtail,proteina_por_peso,proteína por kg,phrase,proteina_por_kg,https://www.nextool.online/pt/tools/calculadora-de-proteina?utm_source=google&utm_medium=cpc&utm_campaign=fit_pt_protein_longtail&utm_term=proteina_por_kg&utm_content=ad_a
pt,protein-calculator,fit_pt_protein_longtail,proteina_ganhar_massa,proteína para ganhar massa,phrase,proteina_para_ganhar_massa,https://www.nextool.online/pt/tools/calculadora-de-proteina?utm_source=google&utm_medium=cpc&utm_campaign=fit_pt_protein_longtail&utm_term=proteina_para_ganhar_massa&utm_content=ad_a
pt,macro-calculator,fit_pt_macros_longtail,macros_emagrecer,calculadora macros emagrecer,phrase,calculadora_macros_emagrecer,https://www.nextool.online/pt/tools/calculadora-de-macros?utm_source=google&utm_medium=cpc&utm_campaign=fit_pt_macros_longtail&utm_term=calculadora_macros_emagrecer&utm_content=ad_a
pt,macro-calculator,fit_pt_macros_longtail,macros_dieta,calcular macros dieta,phrase,calcular_macros_dieta,https://www.nextool.online/pt/tools/calculadora-de-macros?utm_source=google&utm_medium=cpc&utm_campaign=fit_pt_macros_longtail&utm_term=calcular_macros_dieta&utm_content=ad_a
pt,macro-calculator,fit_pt_macros_longtail,macros_perder_gordura,macros para perder gordura,phrase,macros_para_perder_gordura,https://www.nextool.online/pt/tools/calculadora-de-macros?utm_source=google&utm_medium=cpc&utm_campaign=fit_pt_macros_longtail&utm_term=macros_para_perder_gordura&utm_content=ad_a
pt,calorie-calculator,fit_pt_calories_longtail,calorias_dia,quantas calorias por dia,phrase,calorias_por_dia,https://www.nextool.online/pt/tools/calculadora-calorias?utm_source=google&utm_medium=cpc&utm_campaign=fit_pt_calories_longtail&utm_term=calorias_por_dia&utm_content=ad_a
pt,calorie-calculator,fit_pt_calories_longtail,calorias_emagrecer,calorias para emagrecer,phrase,calorias_para_emagrecer,https://www.nextool.online/pt/tools/calculadora-calorias?utm_source=google&utm_medium=cpc&utm_campaign=fit_pt_calories_longtail&utm_term=calorias_para_emagrecer&utm_content=ad_a
pt,calorie-calculator,fit_pt_calories_longtail,tdee,calculadora tdee,phrase,tdee_calculadora,https://www.nextool.online/pt/tools/calculadora-calorias?utm_source=google&utm_medium=cpc&utm_campaign=fit_pt_calories_longtail&utm_term=tdee_calculadora&utm_content=ad_a
en,protein-calculator,fit_en_protein_longtail,daily_protein,daily protein calculator,phrase,daily_protein_calculator,https://www.nextool.online/en/tools/protein-calculator?utm_source=google&utm_medium=cpc&utm_campaign=fit_en_protein_longtail&utm_term=daily_protein_calculator&utm_content=ad_a
en,protein-calculator,fit_en_protein_longtail,protein_per_weight,protein per body weight,phrase,protein_per_body_weight,https://www.nextool.online/en/tools/protein-calculator?utm_source=google&utm_medium=cpc&utm_campaign=fit_en_protein_longtail&utm_term=protein_per_body_weight&utm_content=ad_a
en,protein-calculator,fit_en_protein_longtail,protein_gain_muscle,protein to gain muscle,phrase,protein_to_gain_muscle,https://www.nextool.online/en/tools/protein-calculator?utm_source=google&utm_medium=cpc&utm_campaign=fit_en_protein_longtail&utm_term=protein_to_gain_muscle&utm_content=ad_a
en,macro-calculator,fit_en_macros_longtail,macros_weight_loss,macro calculator weight loss,phrase,macro_calculator_weight_loss,https://www.nextool.online/en/tools/macro-calculator?utm_source=google&utm_medium=cpc&utm_campaign=fit_en_macros_longtail&utm_term=macro_calculator_weight_loss&utm_content=ad_a
en,macro-calculator,fit_en_macros_longtail,macros_diet,calculate macros diet,phrase,calculate_macros_diet,https://www.nextool.online/en/tools/macro-calculator?utm_source=google&utm_medium=cpc&utm_campaign=fit_en_macros_longtail&utm_term=calculate_macros_diet&utm_content=ad_a
en,macro-calculator,fit_en_macros_longtail,macros_fat_loss,macros for fat loss,phrase,macros_for_fat_loss,https://www.nextool.online/en/tools/macro-calculator?utm_source=google&utm_medium=cpc&utm_campaign=fit_en_macros_longtail&utm_term=macros_for_fat_loss&utm_content=ad_a
en,calorie-calculator,fit_en_calories_longtail,calories_day,calories per day calculator,phrase,calories_per_day_calculator,https://www.nextool.online/en/tools/calorie-calculator?utm_source=google&utm_medium=cpc&utm_campaign=fit_en_calories_longtail&utm_term=calories_per_day_calculator&utm_content=ad_a
en,calorie-calculator,fit_en_calories_longtail,calories_weight_loss,calories for weight loss,phrase,calories_for_weight_loss,https://www.nextool.online/en/tools/calorie-calculator?utm_source=google&utm_medium=cpc&utm_campaign=fit_en_calories_longtail&utm_term=calories_for_weight_loss&utm_content=ad_a
en,calorie-calculator,fit_en_calories_longtail,tdee,tdee calculator,phrase,tdee_calculator,https://www.nextool.online/en/tools/calorie-calculator?utm_source=google&utm_medium=cpc&utm_campaign=fit_en_calories_longtail&utm_term=tdee_calculator&utm_content=ad_a
